{"cameraMode":{"drawMode":0,"name":"Shaded","section":"Shading Mode"},"sceneLighting":true,"audioPlay":false,"sceneViewState":{"showFog":true,"showMaterialUpdate":true,"showSkybox":true,"showFlares":true,"showImageEffects":true,"showParticleSystems":true},"in2DMode":false,"pivot":{"x":-5.688857078552246,"y":4.231630802154541,"z":-3.9540810585021974},"rotation":{"x":-0.0166796687990427,"y":0.46383923292160036,"z":-0.008724973537027836,"w":-0.8857446312904358},"size":10.179387092590332,"orthographic":false}