{"cameraMode":{"drawMode":0,"name":"Shaded","section":"Shading Mode"},"sceneLighting":false,"audioPlay":false,"sceneViewState":{"showFog":true,"showMaterialUpdate":false,"showSkybox":false,"showFlares":true,"showImageEffects":true,"showParticleSystems":true},"in2DMode":false,"pivot":{"x":4.244091033935547,"y":-0.07738494873046875,"z":-2.5361709594726564},"rotation":{"x":-0.002523769624531269,"y":-0.9746747016906738,"z":0.22339747846126557,"w":-0.011108956299722195},"size":15.165756225585938,"orthographic":false}